id,first_name,middle_name,last_name,gender,email,job_title
1,Jodi,Hansiain,Grinley,Male,hgrinley0@123-reg.co.uk,Analyst Programmer
2,Meggi,,Berrygun,Female,lberrygun1@indiegogo.com,Technical Writer
3,Bernelle,,Durbin,Female,adurbin2@whitehouse.gov,Assistant Manager
4,Joscelin,Valeria,Jannequin,Female,,Web Designer IV
5,Cameron,Burtie,Carrel,Male,bcarrel4@jimdo.com,Statistician I
6,Lianne,Jackelyn,Wharram,Female,jwharram5@thetimes.co.uk,Pharmacist
7,Rem,Anatol,Kalisch,Male,akalisch6@ed.gov,Recruiting Manager
8,Cece,,Linzey,Male,hlinzey7@opensource.org,Assistant Media Planner
9,Linet,Kiah,Comiam,Female,kcomiam8@ebay.com,Senior Sales Associate
10,Thaine,,MacKeller,Male,gmackeller9@de.vu,Chief Design Engineer
11,Rabi,,MacPike,Male,,Food Chemist
12,Arman,Baryram,Sabbin,Male,bsabbinb@sitemeter.com,Accountant IV
13,Francine,,Yorath,Female,myorathc@reverbnation.com,Senior Cost Accountant
14,Andrea,Cahra,Pocklington,Female,cpocklingtond@rediff.com,General Manager
15,Persis,,Connochie,Female,aconnochiee@amazon.com,Senior Editor
16,Raye,,Jelf,Female,ljelff@oracle.com,Information Systems Manager
17,Alessandra,Zelma,Ebbrell,Female,zebbrellg@kickstarter.com,Senior Quality Engineer
18,Therese,,Kropp,Female,bkropph@prweb.com,Assistant Media Planner
19,Evie,Emilee,De Zamudio,Female,edezamudioi@cafepress.com,Desktop Support Technician
20,Faustina,,Fillis,Female,cfillisj@usgs.gov,Environmental Specialist
21,Merry,Anatole,Ceschi,Male,aceschik@networkadvertising.org,Safety Technician IV
22,Harmonia,,Swettenham,Female,gswettenhaml@photobucket.com,Actuary
23,Max,,Lydiatt,Female,slydiattm@businessweek.com,Analog Circuit Design manager
24,Claiborn,Cosme,Larret,Male,,Graphic Designer
25,Em,,Collough,Male,tcollougho@furl.net,Payment Adjustment Coordinator
26,Kristel,,McKerley,Female,cmckerleyp@indiatimes.com,VP Product Management
27,Jada,,Scare,Female,bscareq@gov.uk,Software Test Engineer I
28,Corey,,Biskupek,Female,ebiskupekr@economist.com,Physical Therapy Assistant
29,Ervin,,Clench,Male,cclenchs@mlb.com,Marketing Manager
30,Kean,Hugh,Cluckie,Male,hcluckiet@4shared.com,Chemical Engineer
31,Van,,Iddiens,Male,hiddiensu@icq.com,Electrical Engineer
32,Sawyere,,Balden,Male,lbaldenv@npr.org,Sales Associate
33,Gloriane,Paige,Vickress,Female,pvickressw@dailymail.co.uk,Recruiter
34,Retha,Irina,Winch,Female,iwinchx@shop-pro.jp,Internal Auditor
35,Currey,,Skurm,Male,nskurmy@marriott.com,Cost Accountant
36,Robbie,Olav,Offener,Male,ooffenerz@about.com,Business Systems Development Analyst
37,Joela,,Bennie,Female,mbennie10@e-recht24.de,Office Assistant III
38,Pinchas,,Yarnold,Male,dyarnold11@ocn.ne.jp,Media Manager III
39,Rickert,,Shotbolt,Male,eshotbolt12@chron.com,Project Manager
40,Putnem,Leonardo,Rain,Male,lrain13@umn.edu,Cost Accountant
41,Ozzy,,Stammler,Male,,Design Engineer
42,Mira,Mara,Kingaby,Female,mkingaby15@cargocollective.com,Account Representative I
43,Corbett,Henry,Ifill,Male,hifill16@yale.edu,Nurse Practicioner
44,Alphonse,,McBrady,Male,bmcbrady17@lycos.com,Help Desk Operator
45,Toddy,,Van Saltsberg,Male,bvansaltsberg18@sina.com.cn,Accountant II
46,Cherey,Nell,Towll,Female,ntowll19@admin.ch,Graphic Designer
47,Helsa,,Brookbank,Female,,Media Manager II
48,Lisle,,McKilroe,Male,bmckilroe1b@51.la,Junior Executive
49,Sherye,Valeda,Bitcheno,Female,vbitcheno1c@1688.com,Geologist I
50,Devy,Adriano,Brizland,Male,abrizland1d@slashdot.org,Assistant Media Planner
51,Selie,Ivy,Hadfield,Female,ihadfield1e@bizjournals.com,Account Representative III
52,Lemar,,Mariyushkin,Male,bmariyushkin1f@bigcartel.com,Structural Analysis Engineer
53,Crista,Leslie,Carloni,Female,lcarloni1g@mozilla.com,Developer III
54,Kristofer,Grant,De Angelis,Male,,Business Systems Development Analyst
55,Dosi,,Sutherland,Female,osutherland1i@ovh.net,Accounting Assistant I
56,Merwin,Maximilian,Curlis,Male,,GIS Technical Architect
57,Emyle,,Ironmonger,Female,aironmonger1k@creativecommons.org,Chief Design Engineer
58,Corney,,Ogger,Male,logger1l@microsoft.com,Marketing Assistant
59,Eulalie,Tessa,Gellert,Female,tgellert1m@github.io,Nurse Practicioner
60,Giacinta,,Starr,Female,cstarr1n@rediff.com,Safety Technician I
61,Nerta,Donna,Clausen-Thue,Female,,Nuclear Power Engineer
62,Terrill,,Treleaven,Male,,Editor
63,Kathryn,,Lavelle,Female,hlavelle1q@w3.org,Legal Assistant
64,Sancho,Hi,Mundy,Male,hmundy1r@google.pl,GIS Technical Architect
65,Ursula,,Holbury,Female,kholbury1s@pbs.org,Senior Sales Associate
66,Leroy,,Bruck,Male,wbruck1t@hc360.com,Biostatistician I
67,Cleon,Nichole,Greschke,Male,ngreschke1u@skyrock.com,Editor
68,Gaston,,Blood,Male,hblood1v@liveinternet.ru,Account Representative III
69,Francisco,Rip,Bayston,Male,rbayston1w@timesonline.co.uk,Compensation Analyst
70,Adore,Mariel,Swaden,Female,mswaden1x@blogger.com,General Manager
71,Cinnamon,,Mace,Female,cmace1y@hao123.com,Senior Developer
72,Laney,Gav,McDermott-Row,Male,gmcdermottrow1z@vk.com,Senior Editor
73,Alica,Lynelle,MacTrustram,Female,,Chemical Engineer
74,Mella,Marybelle,Ciubutaro,Female,,Registered Nurse
75,Ethan,,Lapham,Male,blapham22@google.de,Human Resources Assistant I
76,Georgetta,Peggie,Currer,Female,pcurrer23@ucsd.edu,Research Associate
77,Olia,,Sotham,Female,ksotham24@wsj.com,Registered Nurse
78,Will,Shurlock,Urion,Male,surion25@whitehouse.gov,Nurse
79,Augustine,Marcus,Cleal,Male,,Engineer I
80,Dyan,,Haine,Female,bhaine27@digg.com,Executive Secretary
81,Shalne,,Shimwall,Female,mshimwall28@amazon.co.uk,Internal Auditor
82,Shirleen,Wandie,Sturgis,Female,wsturgis29@mysql.com,Analyst Programmer
83,Ivonne,,Kitchin,Female,ikitchin2a@cam.ac.uk,Programmer Analyst II
84,Ortensia,Shell,Boarder,Female,sboarder2b@google.ru,Administrative Assistant III
85,Janie,,Bernade,Female,,Research Nurse
86,Carr,,Boot,Male,pboot2d@ibm.com,Business Systems Development Analyst
87,Deny,,Adamiec,Female,madamiec2e@redcross.org,Sales Associate
88,Staffard,,Sarra,Male,,Financial Analyst
89,Jessie,,Boeter,Male,wboeter2g@netlog.com,Software Consultant
90,Kelbee,Neal,Houdmont,Male,,Speech Pathologist
91,Ingra,Wallace,Duffet,Male,wduffet2i@flickr.com,Payment Adjustment Coordinator
92,Bren,Bradford,Beatty,Male,bbeatty2j@w3.org,Cost Accountant
93,Trenna,,Dummett,Female,tdummett2k@storify.com,GIS Technical Architect
94,Melisenda,Celestine,Pettengell,Female,,Professor
95,Kathleen,Cherida,Readman,Female,,Structural Engineer
96,Janine,,Lambourne,Female,alambourne2n@gizmodo.com,Legal Assistant
97,Marylynne,Hyacinthia,Husband,Female,hhusband2o@odnoklassniki.ru,Internal Auditor
98,Chandal,,Malarkey,Female,ymalarkey2p@arizona.edu,Operator
99,Bailey,,Drennan,Male,mdrennan2q@oaic.gov.au,Executive Secretary
100,Morganne,Tabitha,Martyntsev,Female,,Senior Editor
101,Lucius,,Longega,Male,zlongega2s@examiner.com,Account Executive
102,Friedrich,Wally,Spooner,Male,wspooner2t@msu.edu,GIS Technical Architect
103,Zane,Tobias,Johanning,Male,,Engineer IV
104,Frederich,,Pointin,Male,spointin2v@wunderground.com,Executive Secretary
105,Lorenza,,Dorow,Female,adorow2w@springer.com,Senior Financial Analyst
106,Ram,Lisle,Mabbutt,Male,,Senior Editor
107,Fran,Morry,Skipworth,Male,mskipworth2y@amazon.co.jp,Financial Analyst
108,Genia,Darbie,Kinastan,Female,,Desktop Support Technician
109,Madel,Van,Gurton,Female,vgurton30@bbc.co.uk,Senior Developer
110,Caesar,Godwin,Nolte,Male,gnolte31@youtu.be,Quality Control Specialist
111,Barbey,Doroteya,Hinchon,Female,dhinchon32@blog.com,Editor
112,Gunther,Elbert,Ribou,Male,eribou33@multiply.com,Staff Accountant I
113,Riccardo,,Rushmer,Male,lrushmer34@techcrunch.com,Recruiter
114,Edie,Shirline,Tern,Female,stern35@163.com,Senior Developer
115,D'arcy,Charley,Ebden,Male,cebden36@nationalgeographic.com,Sales Associate
116,Arnaldo,,Dullaghan,Male,,Analyst Programmer
117,Jasper,Neddie,Cerie,Male,ncerie38@google.com.hk,Information Systems Manager
118,Zorine,Bibbie,Dory,Female,bdory39@nba.com,Dental Hygienist
119,Van,,Rabjohns,Female,,Civil Engineer
120,Ernesta,,Josephy,Female,ajosephy3b@uiuc.edu,General Manager
121,Cherianne,,Mazzeo,Female,,Associate Professor
122,Mace,,Sirkett,Male,,Electrical Engineer
123,Velma,Jacquelin,Caddock,Female,jcaddock3e@freewebs.com,Analyst Programmer
124,Silvanus,Andrew,Callis,Male,acallis3f@t-online.de,Computer Systems Analyst II
125,Caressa,,Dance,Female,,Web Designer IV
126,Friederike,Saba,Addy,Female,,VP Marketing
127,Glenden,,Ing,Male,ting3i@independent.co.uk,Paralegal
128,Ludovika,,VanBrugh,Female,nvanbrugh3j@dropbox.com,Account Representative III
129,Rica,,Osgerby,Female,rosgerby3k@is.gd,Recruiting Manager
130,Sinclare,,Tilmouth,Male,ttilmouth3l@flickr.com,Geologist I
131,Hardy,Coleman,Blunsen,Male,cblunsen3m@dell.com,Geological Engineer
132,Alric,Mikey,Davio,Male,mdavio3n@bbc.co.uk,Software Test Engineer IV
133,Cherri,Fiann,Delooze,Female,fdelooze3o@istockphoto.com,Marketing Assistant
134,Ceciley,Lauraine,Gibard,Female,lgibard3p@dropbox.com,Librarian
135,Flin,,Barlie,Male,tbarlie3q@msu.edu,Systems Administrator II
136,Leroi,Fransisco,MacCoveney,Male,fmaccoveney3r@examiner.com,Occupational Therapist
137,Anna-maria,Britte,Gyenes,Female,bgyenes3s@ask.com,Geologist II
138,Beret,Pollyanna,Aggett,Female,paggett3t@amazon.com,Mechanical Systems Engineer
139,Rafferty,Wainwright,Cushion,Male,,Cost Accountant
140,Nichols,Benji,Macken,Male,bmacken3v@vinaora.com,Data Coordiator
141,Emmy,,Yuryaev,Female,gyuryaev3w@tmall.com,GIS Technical Architect
142,Byrom,,Cushe,Male,fcushe3x@mail.ru,Desktop Support Technician
143,Ammamaria,,Biesinger,Female,hbiesinger3y@google.com.br,Community Outreach Specialist
144,Dorie,,Merrall,Male,rmerrall3z@mozilla.org,Mechanical Systems Engineer
145,Bendicty,,Meacher,Male,hmeacher40@cloudflare.com,Food Chemist
146,Perrine,,Dell Casa,Female,adellcasa41@eventbrite.com,Pharmacist
147,Dorise,,Mulqueeny,Female,cmulqueeny42@comsenz.com,Administrative Officer
148,Hasheem,Tomkin,Clemo,Male,tclemo43@google.ru,Web Developer I
149,Desiree,Hedvig,Wordesworth,Female,hwordesworth44@etsy.com,Database Administrator II
150,Alexi,,Pallasch,Female,bpallasch45@cbsnews.com,Account Executive
151,Tann,Karel,Gebb,Male,kgebb46@soundcloud.com,Human Resources Assistant IV
152,Brittaney,,Banger,Female,mbanger47@myspace.com,Technical Writer
153,Rudyard,,Vaudre,Male,,Director of Sales
154,Elbert,Guillaume,Urling,Male,gurling49@marketwatch.com,Programmer Analyst II
155,Skell,,Bachelar,Male,kbachelar4a@drupal.org,Analyst Programmer
156,Chloette,,Acheson,Female,,Senior Developer
157,Annabell,Norean,Champneys,Female,nchampneys4c@guardian.co.uk,Structural Analysis Engineer
158,Ki,,Fellnee,Female,efellnee4d@businesswire.com,Clinical Specialist
159,Hasty,Shaughn,Caldes,Male,scaldes4e@fastcompany.com,Teacher
160,Carmine,Zitella,Dudden,Female,zdudden4f@xing.com,Professor
161,Emelita,Jacinta,Wardrope,Female,jwardrope4g@weather.com,Food Chemist
162,Alexa,,Spiers,Female,aspiers4h@paginegialle.it,Editor
163,Sydel,,Rubinovici,Female,rrubinovici4i@free.fr,Marketing Manager
164,Daryl,Caspar,Leere,Male,cleere4j@symantec.com,Administrative Assistant IV
165,Bil,Brady,Burrage,Male,bburrage4k@livejournal.com,Software Test Engineer IV
166,Andrea,,Tandy,Male,rtandy4l@angelfire.com,Recruiter
167,Aeriela,,Wand,Female,bwand4m@360.cn,General Manager
168,Georgiana,Jocelin,Rockwell,Female,jrockwell4n@usa.gov,Food Chemist
169,Pepi,Rochette,Lecount,Female,rlecount4o@wsj.com,Staff Accountant I
170,Hadlee,Gerome,Halegarth,Male,,VP Marketing
171,Tina,,Girardy,Female,dgirardy4q@comcast.net,Social Worker
172,Tudor,,Gaymer,Male,pgaymer4r@plala.or.jp,Technical Writer
173,Freddie,,Demageard,Male,jdemageard4s@example.com,Product Engineer
174,Hillary,Zared,Arkell,Male,,Structural Analysis Engineer
175,Marci,Poppy,Bassingden,Female,pbassingden4u@cbsnews.com,Senior Cost Accountant
176,Trev,,Bridel,Male,pbridel4v@tiny.cc,Environmental Specialist
177,Fidela,,Yarnall,Female,vyarnall4w@reference.com,Account Executive
178,Sammie,,Stuchburie,Male,jstuchburie4x@shutterfly.com,Financial Advisor
179,Nicola,,Linkin,Male,slinkin4y@alexa.com,Software Consultant
180,Silvio,Louis,Raffan,Male,lraffan4z@earthlink.net,Database Administrator III
181,Mariel,,Wyrall,Female,lwyrall50@smh.com.au,Geologist III
182,Silvano,Melvin,Gerault,Male,mgerault51@independent.co.uk,Executive Secretary
183,Meridel,,Ferruzzi,Female,bferruzzi52@adobe.com,Business Systems Development Analyst
184,Piper,,Mulchrone,Female,mmulchrone53@mozilla.com,Librarian
185,Margaretta,Stefa,Barajas,Female,sbarajas54@printfriendly.com,Chief Design Engineer
186,Sidoney,Sabrina,Oehme,Female,soehme55@economist.com,Business Systems Development Analyst
187,Urban,Friedrick,Sulland,Male,fsulland56@wiley.com,Systems Administrator II
188,Denis,,Brockie,Male,cbrockie57@tiny.cc,Biostatistician IV
189,Xymenes,Sawyere,Yesipov,Male,syesipov58@stanford.edu,Marketing Assistant
190,Quintin,,Hubbocks,Male,ohubbocks59@imageshack.us,Teacher
191,Sully,,Jeenes,Male,ajeenes5a@com.com,Accountant III
192,Julieta,,Astbery,Female,castbery5b@about.me,Marketing Assistant
193,Ilse,Maryjo,Ruddle,Female,,Human Resources Assistant III
194,Trace,Rancell,Thame,Male,rthame5d@storify.com,Account Coordinator
195,Sherie,,O'Connolly,Female,aoconnolly5e@boston.com,Sales Representative
196,Windham,Orin,Bubbings,Male,obubbings5f@scientificamerican.com,Accountant IV
197,Ignazio,Lenci,Gilliard,Male,lgilliard5g@ed.gov,Account Representative II
198,George,,Zelland,Male,nzelland5h@webeden.co.uk,Office Assistant I
199,Rianon,,Sandy,Female,osandy5i@discuz.net,Nuclear Power Engineer
200,Jordon,Lothario,Estabrook,Male,lestabrook5j@foxnews.com,Editor
201,Carmelle,Gilligan,Meletti,Female,gmeletti5k@bloomberg.com,Sales Associate
202,Dionis,,Venney,Female,cvenney5l@un.org,Executive Secretary
203,Valentijn,Phillipe,Kempe,Male,pkempe5m@google.fr,Senior Quality Engineer
204,Zea,Luelle,Kupke,Female,,GIS Technical Architect
205,Renado,Bentley,Creggan,Male,bcreggan5o@fc2.com,Accountant III
206,Viv,,O'Gavin,Female,hogavin5p@ftc.gov,Business Systems Development Analyst
207,Horten,Fredrick,Giuron,Male,fgiuron5q@oaic.gov.au,Assistant Professor
208,Kurtis,Bradly,Snowball,Male,bsnowball5r@gizmodo.com,Physical Therapy Assistant
209,Tasha,,Seabrook,Female,aseabrook5s@de.vu,Financial Analyst
210,Danice,Geneva,deKnevet,Female,gdeknevet5t@wix.com,Graphic Designer
211,Carr,Cassius,Beckenham,Male,cbeckenham5u@desdev.cn,Librarian
212,Aland,,Sugden,Male,zsugden5v@indiegogo.com,Analog Circuit Design manager
213,Hedwig,Christalle,O'Skehan,Female,coskehan5w@earthlink.net,Legal Assistant
214,Sylas,Lothario,Goble,Male,lgoble5x@ftc.gov,Environmental Tech
215,Findley,,Burchatt,Male,dburchatt5y@seattletimes.com,Pharmacist
216,Dorotea,,Garrettson,Female,fgarrettson5z@weather.com,Senior Sales Associate
217,Bettina,Camellia,Wistance,Female,,Software Engineer II
218,Dalis,,Moxham,Male,bmoxham61@ifeng.com,Physical Therapy Assistant
219,Pat,Lonnard,McGettrick,Male,,Design Engineer
220,El,,Sapp,Male,asapp63@wisc.edu,Editor
221,Yetty,,McEwan,Female,,Cost Accountant
222,Alley,,Lowrance,Male,klowrance65@cpanel.net,Human Resources Assistant I
223,Howie,,Slimme,Male,islimme66@apple.com,Graphic Designer
224,Rickert,,Cutteridge,Male,,Staff Accountant II
225,Gabriella,,Wolstenholme,Female,dwolstenholme68@businessinsider.com,Social Worker
226,Hilliary,Clo,Jerome,Female,cjerome69@fastcompany.com,Nurse Practicioner
227,Reeva,,Wandless,Female,dwandless6a@businessweek.com,Compensation Analyst
228,Tiffi,Libbie,Bonnick,Female,,Senior Quality Engineer
229,Adelaida,Tammie,Howett,Female,,Electrical Engineer
230,Berta,,Vibert,Female,mvibert6d@yellowpages.com,Accounting Assistant I
231,Hort,Barnebas,Ayling,Male,bayling6e@1688.com,Social Worker
232,Kennie,Reid,Bartczak,Male,rbartczak6f@aboutads.info,General Manager
233,Stafani,,Buckmaster,Female,hbuckmaster6g@elpais.com,Executive Secretary
234,Cathy,Georgianne,Challin,Female,gchallin6h@pcworld.com,Senior Quality Engineer
235,Maryann,Beulah,Gosson,Female,bgosson6i@reverbnation.com,General Manager
236,Mariel,Elena,Henlon,Female,ehenlon6j@nymag.com,Director of Sales
237,Gwynne,,Bucksey,Female,,Geological Engineer
238,Lilith,,Donald,Female,hdonald6l@delicious.com,Senior Cost Accountant
239,Ignace,Beauregard,Le Brun,Male,blebrun6m@nyu.edu,Product Engineer
240,Katuscha,,L'Episcopi,Female,,Marketing Assistant
241,Guinevere,,Tudball,Female,ttudball6o@wsj.com,Project Manager
242,Shep,,Phillips,Male,jphillips6p@desdev.cn,Statistician I
243,Alexandre,,Dring,Male,jdring6q@springer.com,Computer Systems Analyst I
244,Tillie,Nerita,Farryan,Female,,Help Desk Technician
245,Lexie,Breena,Tomczykowski,Female,btomczykowski6s@lycos.com,Structural Analysis Engineer
246,Julienne,,Fassmann,Female,jfassmann6t@zdnet.com,Senior Cost Accountant
247,Chaunce,,Dawtre,Male,mdawtre6u@sciencedaily.com,Biostatistician I
248,Bowie,Bryn,Smogur,Male,bsmogur6v@privacy.gov.au,Dental Hygienist
249,Karlen,Tersina,Lynds,Female,,Sales Associate
250,Lemmie,Shaw,Sedwick,Male,ssedwick6x@etsy.com,Tax Accountant
251,Clemmy,Anton,Seary,Male,,Structural Analysis Engineer
252,Joey,,Loughney,Male,,Chemical Engineer
253,Alma,Latisha,Hayer,Female,lhayer70@icq.com,General Manager
254,Levi,,Chapling,Male,,Software Engineer IV
255,Annalee,,Weiner,Female,gweiner72@stanford.edu,Office Assistant I
256,Mahala,,Kernock,Female,ekernock73@admin.ch,Senior Cost Accountant
257,Kayle,,Gawen,Female,jgawen74@webnode.com,Biostatistician III
258,Jaye,,Wooffitt,Male,swooffitt75@redcross.org,Director of Sales
259,Frankie,,Tunnock,Female,wtunnock76@census.gov,Safety Technician III
260,Rocky,Vlad,Hamsson,Male,vhamsson77@bbb.org,Executive Secretary
261,Minnie,,Willoughby,Female,,Senior Cost Accountant
262,Craggy,,Bedham,Male,tbedham79@washingtonpost.com,Technical Writer
263,Garwood,Ogdon,Keenlyside,Male,okeenlyside7a@who.int,Financial Advisor
264,Job,Torey,Baress,Male,,Analog Circuit Design manager
265,Tiebold,Barry,Bretherton,Male,bbretherton7c@uol.com.br,Civil Engineer
266,Solomon,Haydon,Jagiello,Male,hjagiello7d@yale.edu,Information Systems Manager
267,Reilly,,Yexley,Male,kyexley7e@house.gov,Compensation Analyst
268,Berti,,Hamel,Male,,Geologist IV
269,Ky,,Trembath,Male,jtrembath7g@boston.com,Programmer Analyst III
270,Amil,Ray,Jeste,Female,rjeste7h@github.com,VP Sales
271,Sergeant,Patrick,Palphramand,Male,ppalphramand7i@list-manage.com,Assistant Manager
272,Avictor,,Bradforth,Male,,Occupational Therapist
273,Isaiah,Andros,Ropking,Male,aropking7k@ca.gov,Account Executive
274,Davine,Tabatha,Isselee,Female,tisselee7l@theglobeandmail.com,Electrical Engineer
275,Eddi,Malinda,Stocker,Female,mstocker7m@addthis.com,Professor
276,Aaron,Irwinn,Wyman,Male,iwyman7n@kickstarter.com,Nuclear Power Engineer
277,Levon,Kearney,Dowdeswell,Male,kdowdeswell7o@cbc.ca,Analyst Programmer
278,Maible,Danna,Baumford,Female,dbaumford7p@huffingtonpost.com,Recruiting Manager
279,Irv,Garrett,Marskell,Male,gmarskell7q@plala.or.jp,Research Nurse
280,Gaylord,,Cainey,Male,scainey7r@youtube.com,Compensation Analyst
281,Beltran,Flinn,Winkett,Male,fwinkett7s@sogou.com,Pharmacist
282,Dorris,Helena,Espinel,Female,hespinel7t@yahoo.co.jp,Analyst Programmer
283,Ferdinande,Dulcy,Hutchcraft,Female,,Administrative Officer
284,Corrianne,,Blowfield,Female,,Teacher
285,Guillaume,,Teaz,Male,nteaz7w@discovery.com,VP Accounting
286,Gerianna,,Ramsell,Female,tramsell7x@economist.com,Analyst Programmer
287,Kyle,Bartolomeo,Purton,Male,bpurton7y@go.com,Developer IV
288,Isabelle,,Klees,Female,aklees7z@geocities.jp,Structural Analysis Engineer
289,Henry,,Sextone,Male,wsextone80@newsvine.com,Quality Engineer
290,Garrard,Andreas,Patis,Male,,Occupational Therapist
291,Xever,,Arsnell,Male,narsnell82@sourceforge.net,Senior Cost Accountant
292,Royce,,Demcak,Male,cdemcak83@trellian.com,Geological Engineer
293,Janie,Bree,Goodlad,Female,,Geologist I
294,Everett,,Newlan,Male,bnewlan85@auda.org.au,VP Product Management
295,Riobard,,Galler,Male,sgaller86@tinyurl.com,Executive Secretary
296,Elden,Tully,Flag,Male,tflag87@cbslocal.com,Geologist I
297,Annalise,,Shrubshall,Female,oshrubshall88@addthis.com,Developer IV
298,Cleopatra,,Umbers,Female,rumbers89@psu.edu,Community Outreach Specialist
299,Maxine,,Hardie,Female,rhardie8a@un.org,Financial Analyst
300,Clarey,,Jakoubec,Female,cjakoubec8b@boston.com,Web Designer II
301,Henrik,,Tourne,Male,ptourne8c@wikipedia.org,Developer III
302,Renelle,Susette,Andreas,Female,sandreas8d@eepurl.com,Accounting Assistant I
303,Nicolas,,Alabone,Male,salabone8e@i2i.jp,Editor
304,Geneva,,Emblin,Female,eemblin8f@cloudflare.com,Automation Specialist I
305,Enriqueta,,Daviot,Female,hdaviot8g@google.fr,Statistician IV
306,Adela,,Dupree,Female,ldupree8h@bloglovin.com,Internal Auditor
307,Scottie,,Totterdill,Male,dtotterdill8i@noaa.gov,Registered Nurse
308,Oates,Wilt,Cargenven,Male,wcargenven8j@msu.edu,Speech Pathologist
309,Olivia,,Filby,Female,tfilby8k@vistaprint.com,Staff Scientist
310,Rupert,,Janecek,Male,,Financial Advisor
311,Man,,Rose,Male,vrose8m@rediff.com,Automation Specialist I
312,Flo,Jessica,Harrold,Female,jharrold8n@tripod.com,Office Assistant I
313,Rabi,,Chatainier,Male,hchatainier8o@ocn.ne.jp,Editor
314,Stella,Courtenay,Breem,Female,cbreem8p@weebly.com,Geological Engineer
315,Neils,,Boldison,Male,tboldison8q@springer.com,Analog Circuit Design manager
316,Adriano,,Gniewosz,Male,ggniewosz8r@vimeo.com,Statistician II
317,Claiborne,,Darling,Male,cdarling8s@freewebs.com,Desktop Support Technician
318,Lilas,Cori,Friett,Female,cfriett8t@netvibes.com,Environmental Specialist
319,Teador,,Pepperd,Male,dpepperd8u@mtv.com,Research Assistant IV
320,Omero,Con,Spore,Male,cspore8v@reference.com,Accounting Assistant II
321,Hedda,,Hughill,Female,shughill8w@stanford.edu,Account Representative II
322,Sharia,Gerrilee,Ruffle,Female,gruffle8x@zimbio.com,Director of Sales
323,Janette,,Dawidowsky,Female,,Chief Design Engineer
324,Adrian,,Manuely,Female,nmanuely8z@auda.org.au,Marketing Assistant
325,Morgan,,Mation,Female,mmation90@odnoklassniki.ru,Programmer IV
326,Angelique,,Fink,Female,,Recruiter
327,Aurthur,Timoteo,Basini-Gazzi,Male,,Associate Professor
328,Flory,,Stanway,Male,wstanway93@reverbnation.com,Programmer Analyst IV
329,Urson,Wallis,Moston,Male,wmoston94@techcrunch.com,Assistant Media Planner
330,Bryn,Justis,Vigietti,Male,jvigietti95@tripod.com,Chief Design Engineer
331,Osbourne,,Sevier,Male,,Biostatistician I
332,Maury,,Garrettson,Male,ggarrettson97@pagesperso-orange.fr,Cost Accountant
333,Robinson,Benedetto,Giovanetti,Male,bgiovanetti98@usnews.com,Marketing Manager
334,Adelaide,Nadiya,Rowell,Female,nrowell99@wp.com,Director of Sales
335,Barry,,MacColl,Male,tmaccoll9a@theatlantic.com,Physical Therapy Assistant
336,Elke,Lynda,Partkya,Female,lpartkya9b@ebay.com,Account Executive
337,Lorene,,Stoad,Female,astoad9c@webs.com,Financial Analyst
338,Heywood,,Backen,Male,mbacken9d@mapy.cz,Physical Therapy Assistant
339,Bev,,Bendin,Female,dbendin9e@unesco.org,Developer IV
340,Marla,,Coneron,Female,mconeron9f@columbia.edu,Administrative Officer
341,Paco,,Bick,Male,mbick9g@samsung.com,Senior Editor
342,Kali,,Achurch,Female,bachurch9h@spiegel.de,Product Engineer
343,Samantha,,Shernock,Female,ashernock9i@technorati.com,Structural Analysis Engineer
344,Purcell,Elden,Bayldon,Male,ebayldon9j@friendfeed.com,Accountant I
345,Amy,Nady,Barriball,Female,nbarriball9k@blogspot.com,Sales Representative
346,Clarance,,Pigeram,Male,ppigeram9l@smugmug.com,Media Manager III
347,Cornie,Tymon,Roose,Male,troose9m@ameblo.jp,Junior Executive
348,Richie,Cortie,Trengove,Male,ctrengove9n@delicious.com,Electrical Engineer
349,Laurens,Khalil,MacCambridge,Male,kmaccambridge9o@about.me,Pharmacist
350,Garrik,Buiron,Manicom,Male,bmanicom9p@eventbrite.com,Software Engineer I
351,Beatrice,Fiona,Mableson,Female,fmableson9q@wunderground.com,Tax Accountant
352,Patrick,,Keyes,Male,skeyes9r@reference.com,Project Manager
353,Pauly,,Scaice,Male,,Financial Advisor
354,Dede,Bliss,Gulleford,Female,,Desktop Support Technician
355,Benjamin,,Desorts,Male,,Senior Quality Engineer
356,Mufinella,,MacInnes,Female,fmacinnes9v@shareasale.com,Staff Accountant II
357,Evelyn,Dreddy,Oubridge,Female,doubridge9w@over-blog.com,Assistant Professor
358,Rheta,,Ricioppo,Female,dricioppo9x@microsoft.com,Nurse
359,Linc,,Iliff,Male,filiff9y@taobao.com,Civil Engineer
360,Marlyn,,Setford,Female,lsetford9z@unc.edu,Tax Accountant
361,Brittany,Zuzana,Dumsday,Female,zdumsdaya0@dot.gov,Environmental Tech
362,Westbrook,Buddy,Martellini,Male,bmartellinia1@naver.com,Analog Circuit Design manager
363,Willow,Karie,Clemont,Female,kclemonta2@about.com,Software Engineer II
364,Daryl,,Henmarsh,Male,ahenmarsha3@pen.io,Budget/Accounting Analyst II
365,Silvio,Galvin,MacRitchie,Male,,Administrative Officer
366,Charline,Hyacinthie,Coan,Female,hcoana5@eventbrite.com,Professor
367,Kirby,,Bodicum,Male,fbodicuma6@cam.ac.uk,Civil Engineer
368,Jasen,Baxter,Lumbly,Male,blumblya7@hostgator.com,Compensation Analyst
369,Cilka,,Colston,Female,tcolstona8@npr.org,Structural Analysis Engineer
370,Phebe,,Lodeke,Female,mlodekea9@webs.com,Executive Secretary
371,Jecho,,Coen,Male,lcoenaa@archive.org,Desktop Support Technician
372,Rudy,,Kiss,Male,hkissab@microsoft.com,VP Product Management
373,Tyrone,,Oattes,Male,boattesac@virginia.edu,Account Representative III
374,Al,Allister,Boumphrey,Male,aboumphreyad@joomla.org,Food Chemist
375,Christoffer,Conney,Gurner,Male,cgurnerae@netscape.com,Clinical Specialist
376,Reiko,Kim,Bleier,Female,kbleieraf@youtube.com,Senior Editor
377,Donny,Rolando,Bleeze,Male,rbleezeag@facebook.com,Research Assistant IV
378,Kamila,,Rodear,Female,jrodearah@alibaba.com,Safety Technician III
379,Otho,Andras,Manneville,Male,amannevilleai@apple.com,Database Administrator I
380,Doralin,,Stonall,Female,istonallaj@slate.com,Dental Hygienist
381,Kriste,,Heitz,Female,kheitzak@wired.com,Developer I
382,Moe,,Cellier,Male,acellieral@jugem.jp,VP Sales
383,Farah,Austina,Metheringham,Female,ametheringhamam@qq.com,Engineer I
384,Judon,,Trundler,Male,ttrundleran@skyrock.com,Tax Accountant
385,Kaleb,,Thickpenny,Male,athickpennyao@list-manage.com,Automation Specialist III
386,Marilyn,Mildrid,Stemson,Female,mstemsonap@rakuten.co.jp,Cost Accountant
387,Marty,Juditha,Toopin,Female,jtoopinaq@biblegateway.com,Food Chemist
388,Latashia,,MacDonald,Female,amacdonaldar@springer.com,Chief Design Engineer
389,Richy,,Larrad,Male,clarradas@gravatar.com,Programmer IV
390,Parry,,Buscombe,Male,mbuscombeat@squidoo.com,Programmer I
391,Kerk,,Spira,Male,ispiraau@blog.com,Project Manager
392,Phelia,,Batterson,Female,pbattersonav@noaa.gov,Information Systems Manager
393,Conroy,,Pellingar,Male,,Librarian
394,Ransell,Tamas,Cuxson,Male,,Senior Sales Associate
395,Shane,Carlyn,Samwyse,Female,csamwyseay@geocities.com,Budget/Accounting Analyst II
396,Sarine,,Lasslett,Female,mlasslettaz@who.int,Accounting Assistant I
397,Jemimah,,Gillion,Female,,Registered Nurse
398,Carmine,Dottie,Andrick,Female,dandrickb1@trellian.com,Research Nurse
399,Denni,,Whaley,Female,,Research Associate
400,Montague,,McKinie,Male,jmckinieb3@mapquest.com,Quality Engineer
401,Harwell,,Wilmot,Male,swilmotb4@scribd.com,Senior Financial Analyst
402,Raynor,,McDell,Male,gmcdellb5@storify.com,Geologist IV
403,Sela,Cathrin,Dodds,Female,,Engineer IV
404,Wolfy,,Pinchback,Male,jpinchbackb7@gizmodo.com,Editor
405,Ogdon,,Heindrich,Male,cheindrichb8@unicef.org,Computer Systems Analyst I
406,Finley,,Mac Giany,Male,mmacgianyb9@posterous.com,Business Systems Development Analyst
407,Finlay,Matthew,Rowles,Male,mrowlesba@answers.com,Developer II
408,Milton,Templeton,Plaunch,Male,,Senior Financial Analyst
409,Robbie,,Serrell,Male,cserrellbc@gizmodo.com,Programmer Analyst II
410,Mina,Cathrin,Madre,Female,cmadrebd@pinterest.com,Marketing Assistant
411,Leanor,Dorris,Louisot,Female,dlouisotbe@wired.com,Software Engineer I
412,Rik,,Gaitskill,Male,cgaitskillbf@nih.gov,Clinical Specialist
413,Susi,Lauree,Bowfin,Female,,Analyst Programmer
414,Norbert,Greggory,Brandrick,Male,gbrandrickbh@boston.com,Chief Design Engineer
415,Rowen,Armstrong,Royston,Male,aroystonbi@example.com,Programmer II
416,Ardelia,,Wheater,Female,awheaterbj@seattletimes.com,Professor
417,Davie,Irvin,Zotto,Male,,Chief Design Engineer
418,Levin,,Fitzroy,Male,jfitzroybl@furl.net,Food Chemist
419,Wylie,,Wiggett,Male,,Research Assistant II
420,Lock,,Brightie,Male,ebrightiebn@usda.gov,Teacher
421,Ileane,Trista,Froom,Female,tfroombo@ihg.com,Dental Hygienist
422,Drucy,,Crank,Female,vcrankbp@skyrock.com,Sales Associate
423,Katinka,,Cowl,Female,wcowlbq@cbsnews.com,Structural Analysis Engineer
424,Harald,,Ledwitch,Male,jledwitchbr@elegantthemes.com,Paralegal
425,Durand,Oswald,Meikle,Male,omeiklebs@ihg.com,Registered Nurse
426,Corena,Karilynn,Spawforth,Female,kspawforthbt@pbs.org,Structural Analysis Engineer
427,Gav,Orville,Puddifer,Male,opuddiferbu@is.gd,Analog Circuit Design manager
428,Byrann,Michel,Dibble,Male,mdibblebv@live.com,Database Administrator II
429,Giulio,Peder,Goodwin,Male,pgoodwinbw@upenn.edu,Computer Systems Analyst II
430,Rosalind,,Andrzej,Female,aandrzejbx@ovh.net,Recruiter
431,Morey,,Forward,Male,dforwardby@whitehouse.gov,Marketing Manager
432,Kendell,Odo,Egre,Male,,Help Desk Technician
433,Rosmunda,Maisey,Klimas,Female,mklimasc0@weebly.com,Librarian
434,Branden,,Eckersall,Male,leckersallc1@tumblr.com,Paralegal
435,Evvy,,Graveston,Female,lgravestonc2@washingtonpost.com,Teacher
436,Aldrich,Hyman,Crosi,Male,,General Manager
437,Trevar,Dannie,Dabbes,Male,ddabbesc4@google.com.hk,VP Product Management
438,Florian,,Mouse,Male,omousec5@miibeian.gov.cn,Senior Quality Engineer
439,Dory,,Belderfield,Female,fbelderfieldc6@sina.com.cn,Environmental Specialist
440,Walton,Emlen,Venturoli,Male,,Electrical Engineer
441,Albert,,Sturm,Male,csturmc8@bizjournals.com,Geologist III
442,Garfield,Blake,Seyers,Male,bseyersc9@xinhuanet.com,GIS Technical Architect
443,Reed,,Lasselle,Male,plasselleca@ovh.net,Social Worker
444,Nikita,Igor,Bernardez,Male,ibernardezcb@skype.com,Editor
445,Ashely,,McNeilly,Female,emcneillycc@aboutads.info,Cost Accountant
446,Shari,,Beagen,Female,ybeagencd@parallels.com,Media Manager III
447,Lilyan,,Dupree,Female,sdupreece@house.gov,Editor
448,Tonia,,Lucks,Female,,Environmental Tech
449,Rodina,Nomi,Littlefair,Female,nlittlefaircg@fda.gov,Sales Associate
450,Aldwin,Curry,De L'Isle,Male,cdelislech@umich.edu,Payment Adjustment Coordinator
451,Charlie,Augusto,MacKibbon,Male,,Tax Accountant
452,Ram,,Camilio,Male,mcamiliocj@addthis.com,VP Sales
453,Levi,Ford,Gotcliff,Male,,Budget/Accounting Analyst IV
454,Seumas,,Collinge,Male,ccollingecl@blogtalkradio.com,Technical Writer
455,Andra,Tamarra,Aitken,Female,taitkencm@purevolume.com,Assistant Professor
456,Cody,,Santos,Female,asantoscn@boston.com,Legal Assistant
457,Zahara,,Lenard,Female,alenardco@webmd.com,Accounting Assistant II
458,Nikki,,Hatley,Male,,Electrical Engineer
459,Alasdair,,Mabon,Male,bmaboncq@drupal.org,Human Resources Assistant II
460,Robinia,,Haydn,Female,lhaydncr@github.com,Administrative Officer
461,Millie,,Wylam,Female,rwylamcs@photobucket.com,Research Nurse
462,Brinn,,Robillart,Female,,Speech Pathologist
463,Adela,,Brumbye,Female,sbrumbyecu@slate.com,Account Representative II
464,Leo,,Janota,Male,mjanotacv@guardian.co.uk,Geologist IV
465,Aloysia,,Mor,Female,mmorcw@spiegel.de,Human Resources Assistant II
466,Brandi,,Lipprose,Female,llipprosecx@adobe.com,Assistant Professor
467,Ethelbert,Stavro,Di Franceschi,Male,sdifranceschicy@usgs.gov,Speech Pathologist
468,Sibylle,Zonnya,Laguerre,Female,,Professor
469,Krystyna,,Crutchfield,Female,,General Manager
470,Marlo,,Andreone,Male,tandreoned1@yahoo.co.jp,Analog Circuit Design manager
471,Tedd,Humfried,Haken,Male,hhakend2@dion.ne.jp,Technical Writer
472,Carin,,Arnowitz,Female,,Community Outreach Specialist
473,Isaac,,Otley,Male,ootleyd4@multiply.com,Programmer Analyst I
474,Hugues,,Appleby,Male,sapplebyd5@surveymonkey.com,Research Associate
475,Ailsun,Beverlee,Papps,Female,bpappsd6@google.com,Sales Associate
476,Aloysius,,Waby,Male,swabyd7@hostgator.com,Assistant Manager
477,Allin,,Bernolet,Male,,Staff Scientist
478,Raeann,Sella,Letch,Female,sletchd9@google.fr,Software Test Engineer II
479,Mile,,Shenton,Male,bshentonda@china.com.cn,Electrical Engineer
480,Enos,,Bortoli,Male,dbortolidb@weather.com,Senior Developer
481,Pieter,,Bergeau,Male,rbergeaudc@mapquest.com,Product Engineer
482,Nealon,Gaylor,Kerwin,Male,,Computer Systems Analyst IV
483,Enos,,O'Halloran,Male,bohallorande@arizona.edu,GIS Technical Architect
484,Gratiana,Judith,Huguet,Female,jhuguetdf@ocn.ne.jp,Safety Technician I
485,Bram,,Mardall,Male,amardalldg@guardian.co.uk,Nurse Practicioner
486,Toddy,,Hargie,Male,ghargiedh@ibm.com,Structural Analysis Engineer
487,Ricard,Bondy,Coulthard,Male,,Dental Hygienist
488,Margaret,,O'Geneay,Female,cogeneaydj@unesco.org,Chief Design Engineer
489,Raphaela,Aliza,Simonaitis,Female,asimonaitisdk@homestead.com,Data Coordiator
490,Gauthier,Leland,Abdie,Male,labdiedl@dyndns.org,Office Assistant III
491,Vic,Cristiano,Jarmaine,Male,cjarmainedm@cargocollective.com,Quality Control Specialist
492,Jeremiah,,Woolen,Male,swoolendn@dyndns.org,Community Outreach Specialist
493,Wes,,Treasaden,Male,ctreasadendo@amazon.com,Registered Nurse
494,Taylor,Bartholomeo,Brighouse,Male,bbrighousedp@walmart.com,Actuary
495,Jakie,Fowler,Harrinson,Male,fharrinsondq@kickstarter.com,VP Product Management
496,Emmet,Hube,Realph,Male,hrealphdr@berkeley.edu,Help Desk Technician
497,Warde,Massimo,Guirardin,Male,mguirardinds@slashdot.org,Payment Adjustment Coordinator
498,Rafferty,,Fossitt,Male,lfossittdt@hostgator.com,Programmer IV
499,Gusti,Nessa,Matevosian,Female,nmatevosiandu@lulu.com,Programmer II
500,Padraic,,Klimkov,Male,tklimkovdv@behance.net,Structural Engineer
501,Poppy,,De Roeck,Female,hderoeckdw@issuu.com,Help Desk Operator
502,Sergio,,Skarin,Male,,Associate Professor
503,Lizzie,Hanna,Lovewell,Female,hlovewelldy@exblog.jp,Recruiter
504,Gilburt,,Cleall,Male,rclealldz@about.com,Web Developer II
505,Jobi,,Tomaszewski,Female,jtomaszewskie0@tinyurl.com,Database Administrator I
506,Berkly,,Glauber,Male,,Internal Auditor
507,Kendal,Bay,Officer,Male,bofficere2@delicious.com,Quality Control Specialist
508,Guendolen,Melosa,Raeside,Female,mraesidee3@netlog.com,Junior Executive
509,Niven,Ashton,Mickelwright,Male,amickelwrighte4@spotify.com,Statistician II
510,Eudora,,Margram,Female,bmargrame5@ebay.co.uk,Statistician I
511,Heda,,Matuska,Female,ematuskae6@google.com.au,Financial Analyst
512,Hedy,,Nation,Female,bnatione7@cmu.edu,Staff Accountant II
513,Kelley,Alanson,Siggery,Male,,Teacher
514,Kara,,Ingliss,Female,minglisse9@g.co,Developer IV
515,Elvis,Giordano,Hellwig,Male,ghellwigea@dion.ne.jp,Financial Analyst
516,Nealon,Sigismund,Rafter,Male,sraftereb@posterous.com,Automation Specialist II
517,Moira,,Maxweell,Female,fmaxweellec@army.mil,Staff Accountant III
518,Nonna,Gusti,Orneles,Female,gornelesed@tripod.com,Quality Control Specialist
519,Eadie,Joeann,Seakes,Female,jseakesee@europa.eu,Legal Assistant
520,Roxine,,Bedborough,Female,,Web Developer IV
521,Irena,Noreen,Warn,Female,nwarneg@multiply.com,Software Test Engineer III
522,Sayers,Kale,Winspurr,Male,kwinspurreh@time.com,Budget/Accounting Analyst III
523,Odilia,,Jenoure,Female,tjenoureei@hc360.com,Analyst Programmer
524,Annice,Cam,Klemensiewicz,Female,cklemensiewiczej@who.int,Analyst Programmer
525,Camila,Cecil,Boniface,Female,cbonifaceek@instagram.com,VP Quality Control
526,Orelie,Denys,Suston,Female,dsustonel@jigsy.com,Quality Engineer
527,Marlene,,Linke,Female,,Sales Associate
528,Mona,,MacClenan,Female,lmacclenanen@sphinn.com,Project Manager
529,Philbert,,Birtwistle,Male,abirtwistleeo@globo.com,Account Coordinator
530,Kelly,Shirley,Clough,Female,scloughep@acquirethisname.com,Physical Therapy Assistant
531,Kathy,Imogene,Hollingshead,Female,ihollingsheadeq@cmu.edu,Web Designer II
532,Andria,,Garrigan,Female,cgarriganer@issuu.com,Payment Adjustment Coordinator
533,Ivory,,Derobert,Female,lderobertes@forbes.com,Assistant Manager
534,Ezekiel,,Hoolaghan,Male,choolaghanet@washingtonpost.com,GIS Technical Architect
535,Latia,Carola,Guy,Female,cguyeu@ow.ly,General Manager
536,Nicky,Alis,Linnemann,Female,alinnemannev@moonfruit.com,General Manager
537,Andeee,Naoma,Fitchew,Female,nfitchewew@psu.edu,Help Desk Technician
538,Jamey,Alair,Ingram,Male,aingramex@cocolog-nifty.com,Analyst Programmer
539,Prinz,Bron,Keal,Male,bkealey@freewebs.com,Civil Engineer
540,Gina,,Navein,Female,lnaveinez@buzzfeed.com,Nurse
541,Eberto,Hillery,Duckels,Male,hduckelsf0@51.la,Registered Nurse
542,Olivette,,Easen,Female,weasenf1@blogger.com,Paralegal
543,Aeriela,,Neljes,Female,gneljesf2@salon.com,Chemical Engineer
544,Lexie,Josselyn,Gremane,Female,jgremanef3@state.gov,Recruiter
545,Robinetta,Cecile,Badham,Female,,Software Consultant
546,Cookie,,Pucknell,Female,hpucknellf5@sciencedaily.com,Account Executive
547,Howey,Dud,Harsant,Male,,Staff Accountant III
548,Sue,,Pibsworth,Female,,Graphic Designer
549,Arielle,,Wiffen,Female,ewiffenf8@smugmug.com,Assistant Professor
550,Sollie,,Gammade,Male,bgammadef9@parallels.com,General Manager
551,Hall,Kinsley,Heatherington,Male,kheatheringtonfa@163.com,Nurse Practicioner
552,Kat,,Tarling,Female,etarlingfb@gmpg.org,Project Manager
553,Falito,,Sotworth,Male,psotworthfc@europa.eu,Social Worker
554,Godard,Garik,Luca,Male,glucafd@cbc.ca,Research Nurse
555,Carol-jean,Abbie,Ninnotti,Female,aninnottife@google.co.uk,VP Product Management
556,Tabatha,,Streatfield,Female,kstreatfieldff@elegantthemes.com,Director of Sales
557,Herman,,Spata,Male,,Marketing Assistant
558,Parrnell,Thom,O'Bruen,Male,tobruenfh@vk.com,Actuary
559,Menard,,Findlow,Male,sfindlowfi@phoca.cz,General Manager
560,Jess,Ailbert,Dumphy,Male,adumphyfj@nifty.com,VP Marketing
561,Llewellyn,,Busk,Male,,Web Designer II
562,Care,Gerick,Sanders,Male,gsandersfl@patch.com,Registered Nurse
563,Dorothea,,Goldsby,Female,pgoldsbyfm@technorati.com,Recruiter
564,Zita,Stephana,Chark,Female,scharkfn@chicagotribune.com,Analyst Programmer
565,Rivalee,Wilmette,Bonhan,Female,wbonhanfo@chron.com,Sales Associate
566,Jacobo,,Mather,Male,amatherfp@1688.com,Chief Design Engineer
567,Rosabella,Myrtice,Alekseev,Female,,Account Coordinator
568,Merrili,Shelly,Juppe,Female,sjuppefr@springer.com,Paralegal
569,Cindra,,Dunrige,Female,rdunrigefs@twitpic.com,Help Desk Operator
570,Darren,Muffin,Helmke,Male,mhelmkeft@samsung.com,Senior Cost Accountant
571,Chrysler,Michal,O'Cannovane,Female,mocannovanefu@histats.com,Senior Financial Analyst
572,Ingram,,Keilloh,Male,tkeillohfv@nhs.uk,Geological Engineer
573,Dexter,,Wolton,Male,swoltonfw@netlog.com,Assistant Media Planner
574,Liva,,Hanbury-Brown,Female,fhanburybrownfx@epa.gov,Research Nurse
575,Thayne,,Turmell,Male,,Software Consultant
576,Port,Marchall,Tawton,Male,mtawtonfz@slashdot.org,Cost Accountant
577,Bjorn,,Comello,Male,kcomellog0@archive.org,Senior Financial Analyst
578,Elvira,,Kilgannon,Female,,Accountant IV
579,Bette,,Faircliffe,Female,gfaircliffeg2@youtu.be,Help Desk Operator
580,Doretta,,Hatrick,Female,,Developer III
581,Rodolph,Horace,Elix,Male,helixg4@is.gd,Media Manager II
582,Annetta,,Goodliffe,Female,sgoodliffeg5@unesco.org,Assistant Manager
583,Amanda,,Maffioletti,Female,smaffiolettig6@ed.gov,Staff Accountant II
584,Burlie,,Di Biasio,Male,gdibiasiog7@geocities.jp,Dental Hygienist
585,Dehlia,,Pitt,Female,jpittg8@about.com,Analyst Programmer
586,Alfie,Colene,Hesey,Female,cheseyg9@dyndns.org,Chemical Engineer
587,Kevan,,Standish,Male,dstandishga@cafepress.com,Community Outreach Specialist
588,Yardley,,Welfair,Male,gwelfairgb@fema.gov,Safety Technician III
589,Ashbey,,Mc Cahey,Male,,Associate Professor
590,Janelle,,Mattioni,Female,ymattionigd@amazon.co.uk,Paralegal
591,Langston,Peyton,Gramer,Male,pgramerge@noaa.gov,Legal Assistant
592,Lowell,,Coggon,Male,rcoggongf@goodreads.com,Automation Specialist II
593,Howie,,Mougenel,Male,emougenelgg@wikia.com,Administrative Officer
594,Siusan,Johnna,Grzelewski,Female,jgrzelewskigh@scribd.com,Registered Nurse
595,Keven,Randy,Shacklady,Male,rshackladygi@reddit.com,Desktop Support Technician
596,Rufe,,Harrald,Male,aharraldgj@infoseek.co.jp,Structural Analysis Engineer
597,Wain,Joshia,Goldsworthy,Male,jgoldsworthygk@feedburner.com,Administrative Assistant III
598,Rickard,,Heake,Male,dheakegl@cbc.ca,Pharmacist
599,Melba,Shanna,Townsley,Female,stownsleygm@studiopress.com,Dental Hygienist
600,Jenna,,Pellatt,Female,mpellattgn@surveymonkey.com,Software Engineer I
601,Luke,,Tesdale,Male,,Engineer IV
602,Jaquenette,,Pfaffel,Female,kpfaffelgp@wordpress.com,Professor
603,Brant,Morrie,Collecott,Male,,Developer IV
604,Manny,,Ceeley,Male,kceeleygr@spiegel.de,Social Worker
605,Currie,,Tidy,Male,ftidygs@icq.com,Programmer III
606,Reine,,Shilito,Female,gshilitogt@nih.gov,Marketing Manager
607,Forester,Jarvis,Gindghill,Male,jgindghillgu@un.org,Statistician III
608,Katharyn,,Chaston,Female,,Director of Sales
609,Tanner,,Caps,Male,,Media Manager I
610,Frank,,Winterbotham,Male,,Teacher
611,Olva,Annetta,Cuddehy,Female,acuddehygy@sogou.com,Speech Pathologist
612,Stanwood,,Massinger,Male,emassingergz@bandcamp.com,Tax Accountant
613,Agnese,Merrie,Furniss,Female,mfurnissh0@dropbox.com,Registered Nurse
614,Vanny,Christin,Wenzel,Female,cwenzelh1@irs.gov,Environmental Specialist
615,Heindrick,,Nyssens,Male,vnyssensh2@slideshare.net,Software Engineer II
616,Deva,,McPhail,Female,bmcphailh3@bloglines.com,Engineer III
617,Darius,Jodi,de Broke,Male,jdebrokeh4@elegantthemes.com,Quality Engineer
618,Caprice,,Blaasch,Female,gblaaschh5@alibaba.com,Tax Accountant
619,Mariska,Adriana,Mackin,Female,amackinh6@cmu.edu,Graphic Designer
620,Felecia,,Gouldthorpe,Female,ygouldthorpeh7@hhs.gov,VP Quality Control
621,Livvy,Hanni,Guinn,Female,hguinnh8@woothemes.com,Senior Sales Associate
622,Garrett,,Whiting,Male,awhitingh9@who.int,Teacher
623,Corie,,Lemmens,Female,hlemmensha@shinystat.com,Community Outreach Specialist
624,Tait,,Grzeszczak,Male,,Office Assistant I
625,Livvie,Lory,Tuckey,Female,ltuckeyhc@bing.com,Geologist IV
626,Norbie,Flint,Shelmardine,Male,fshelmardinehd@amazon.co.jp,Registered Nurse
627,Vanny,,Clemits,Female,rclemitshe@howstuffworks.com,Business Systems Development Analyst
628,Myron,Phillipp,Innocenti,Male,pinnocentihf@imgur.com,Operator
629,Janenna,Gwenni,Lecointe,Female,glecointehg@auda.org.au,Clinical Specialist
630,Cooper,,Purtell,Male,,Research Assistant I
631,Sawyer,Rutherford,Lornsen,Male,rlornsenhi@amazon.co.jp,Nurse Practicioner
632,Mattheus,Thibaut,McKyrrelly,Male,tmckyrrellyhj@weebly.com,Legal Assistant
633,Jae,Hardy,Margetson,Male,hmargetsonhk@google.com,Financial Advisor
634,Drugi,,Windrum,Male,cwindrumhl@seesaa.net,Social Worker
635,Goober,,Syncke,Male,esynckehm@mediafire.com,Compensation Analyst
636,Arron,,Khomishin,Male,wkhomishinhn@topsy.com,Senior Editor
637,Eli,Blake,Greep,Male,bgreepho@census.gov,Developer I
638,Trever,,Cowl,Male,,Quality Engineer
639,Amalia,,Giercke,Female,dgierckehq@theatlantic.com,Physical Therapy Assistant
640,Maure,,Legister,Female,jlegisterhr@nsw.gov.au,Professor
641,Lilyan,,Ciani,Female,icianihs@wiley.com,Environmental Specialist
642,Tris,Rad,Devereux,Male,,Pharmacist
643,Rasia,Zia,Ayree,Female,zayreehu@wikipedia.org,Software Consultant
644,Wolfy,Derrick,Gabrieli,Male,,Software Test Engineer III
645,Johann,,O' Markey,Male,zomarkeyhw@ehow.com,Database Administrator I
646,Garv,Ado,Canto,Male,acantohx@tinyurl.com,Nurse Practicioner
647,Bertrando,,Heskin,Male,fheskinhy@accuweather.com,VP Product Management
648,Oates,,Clapton,Male,hclaptonhz@hostgator.com,Community Outreach Specialist
649,Reine,,Spurret,Female,espurreti0@hp.com,Engineer II
650,Arty,,Staterfield,Male,bstaterfieldi1@storify.com,Help Desk Technician
651,Duffy,,Nicolson,Male,enicolsoni2@sun.com,Database Administrator II
652,Reese,,Ferenc,Male,,Quality Engineer
653,Deeann,,Neads,Female,bneadsi4@upenn.edu,Chemical Engineer
654,Cynthia,,Kausche,Female,ikauschei5@ifeng.com,Internal Auditor
655,Eugenius,,Thebe,Male,kthebei6@disqus.com,Pharmacist
656,Chickie,,Cosker,Female,gcoskeri7@prnewswire.com,Computer Systems Analyst I
657,Chaunce,Franny,Jukubczak,Male,,VP Sales
658,Hartwell,,Bartolommeo,Male,abartolommeoi9@squidoo.com,Research Nurse
659,Mirella,,Ruff,Female,fruffia@godaddy.com,Staff Accountant IV
660,Ricki,Royce,Pittson,Male,rpittsonib@issuu.com,Statistician III
661,Cory,,Whyte,Male,hwhyteic@360.cn,Quality Engineer
662,Kristi,,Minister,Female,vministerid@arizona.edu,Mechanical Systems Engineer
663,Chere,,Westraw,Female,bwestrawie@ihg.com,Desktop Support Technician
664,Reginald,,Ambroisin,Male,gambroisinif@go.com,Automation Specialist IV
665,Charlene,Dee dee,Evanson,Female,devansonig@umich.edu,Senior Sales Associate
666,Durand,Fin,Barhams,Male,fbarhamsih@statcounter.com,Senior Cost Accountant
667,Rowe,Dorelia,Fairrie,Female,dfairrieii@jugem.jp,Senior Cost Accountant
668,Elfreda,,Kalisch,Female,okalischij@arstechnica.com,Software Test Engineer III
669,Thibaud,Rip,Ccomini,Male,rccominiik@nih.gov,Administrative Officer
670,Cointon,,Chevins,Male,gchevinsil@com.com,Systems Administrator I
671,Oliviero,,Mathan,Male,wmathanim@ed.gov,Junior Executive
672,Laural,Corly,Farthin,Female,cfarthinin@bbb.org,Senior Developer
673,Kiley,Mab,Curwen,Female,mcurwenio@howstuffworks.com,Librarian
674,Erick,Fonz,O'Dougherty,Male,fodoughertyip@irs.gov,Analyst Programmer
675,Brynn,,Strettell,Female,astrettelliq@arizona.edu,Paralegal
676,Hurley,Raul,Sidgwick,Male,,Compensation Analyst
677,Constantia,Cacilia,Wolland,Female,cwollandis@vinaora.com,Staff Scientist
678,Jayson,,Fierro,Male,,Operator
679,Andie,Alisa,Uccelli,Female,auccelliiu@list-manage.com,Director of Sales
680,Amaleta,Eva,Seater,Female,eseateriv@webeden.co.uk,Financial Analyst
681,Inga,Ida,Dougary,Female,,Payment Adjustment Coordinator
682,Felicia,,Mudd,Female,smuddix@wunderground.com,Senior Developer
683,Dolores,Kaitlynn,Stollery,Female,kstolleryiy@over-blog.com,Chief Design Engineer
684,Byrann,,Fisby,Male,cfisbyiz@google.com.hk,Data Coordiator
685,Vikky,,Ruffle,Female,lrufflej0@naver.com,Software Consultant
686,Sauveur,,Ilson,Male,,Operator
687,Antoinette,Robena,Creebo,Female,rcreeboj2@berkeley.edu,Recruiter
688,Thatch,,Adamides,Male,hadamidesj3@vinaora.com,Chief Design Engineer
689,Yolande,,Folkerd,Female,tfolkerdj4@stanford.edu,Statistician III
690,Niki,,Dugan,Male,oduganj5@intel.com,Assistant Manager
691,Theresa,Tildie,Matresse,Female,tmatressej6@parallels.com,Safety Technician II
692,Ermentrude,,Pehrsson,Female,rpehrssonj7@java.com,Tax Accountant
693,Brady,Norry,Edmott,Male,nedmottj8@psu.edu,Senior Cost Accountant
694,Gerty,,Alps,Female,,Assistant Media Planner
695,Veda,,Bayfield,Female,cbayfieldja@mail.ru,Nurse Practicioner
696,Blakeley,Marin,Paulot,Female,mpaulotjb@illinois.edu,Automation Specialist II
697,Izzy,Langston,Branch,Male,lbranchjc@amazon.com,Research Assistant III
698,El,Walker,Cooke,Male,wcookejd@spiegel.de,Physical Therapy Assistant
699,Kameko,,Repp,Female,treppje@vkontakte.ru,Pharmacist
700,Melvin,,Clynman,Male,dclynmanjf@youtube.com,Media Manager I
701,Thacher,,Aprahamian,Male,faprahamianjg@devhub.com,Help Desk Technician
702,Herrick,,Crosio,Male,mcrosiojh@hc360.com,Junior Executive
703,Shir,,Lehr,Female,rlehrji@flavors.me,Staff Scientist
704,Katina,,Kike,Female,jkikejj@foxnews.com,Structural Analysis Engineer
705,Maurice,Clevey,Fairhead,Male,,Staff Scientist
706,Marrilee,,Slyford,Female,dslyfordjl@examiner.com,Cost Accountant
707,Linus,,McKevin,Male,lmckevinjm@opera.com,Financial Advisor
708,Dorthy,Federica,Saintpierre,Female,fsaintpierrejn@paypal.com,Physical Therapy Assistant
709,Kylila,,Hans,Female,,Mechanical Systems Engineer
710,Nissie,,Pattison,Female,rpattisonjp@wikia.com,Quality Control Specialist
711,Irvin,,Brockton,Male,sbrocktonjq@lycos.com,Internal Auditor
712,Sven,Angeli,Wolstenholme,Male,awolstenholmejr@un.org,Operator
713,Devlen,Mychal,Sebborn,Male,,Senior Developer
714,Mary,,Bisterfeld,Female,kbisterfeldjt@ucsd.edu,Junior Executive
715,Ariadne,,Luther,Female,,Product Engineer
716,Dixie,,Conti,Female,icontijv@uiuc.edu,Systems Administrator II
717,Cyndi,,Kinnaird,Female,dkinnairdjw@xing.com,Compensation Analyst
718,Cordy,Alphonso,Anelay,Male,aanelayjx@paginegialle.it,Human Resources Manager
719,Kory,Linoel,Georgeon,Male,lgeorgeonjy@cdc.gov,Recruiter
720,Sonnnie,,Tofful,Female,,Human Resources Manager
721,Darill,Jabez,Bourgourd,Male,,Environmental Specialist
722,Abner,,Bunney,Male,dbunneyk1@diigo.com,Nurse
723,Tony,Deidre,Moulds,Female,dmouldsk2@liveinternet.ru,Legal Assistant
724,Benni,,Lesmonde,Female,alesmondek3@dagondesign.com,Cost Accountant
725,Petronia,,Driffill,Female,,Safety Technician II
726,Danny,,Mateev,Male,,Structural Analysis Engineer
727,Fawn,Riane,Krimmer,Female,rkrimmerk6@elpais.com,Data Coordiator
728,Oralle,Sissie,Bault,Female,sbaultk7@gravatar.com,Assistant Professor
729,Kylie,,Wittey,Male,vwitteyk8@creativecommons.org,Compensation Analyst
730,Tremayne,,Devonside,Male,,VP Sales
731,Karilynn,,Petrashkov,Female,cpetrashkovka@cam.ac.uk,Chemical Engineer
732,Imojean,,Shrawley,Female,dshrawleykb@lycos.com,Analyst Programmer
733,Derrik,,Raithmill,Male,draithmillkc@163.com,Media Manager IV
734,Viva,,Hingeley,Female,shingeleykd@fastcompany.com,Cost Accountant
735,Ferdinanda,Imojean,Crapper,Female,icrapperke@ebay.com,Financial Analyst
736,Merry,Niel,Taffe,Male,,Human Resources Assistant III
737,Bette-ann,,Bresnahan,Female,cbresnahankg@tiny.cc,Help Desk Technician
738,Petronille,Noni,Porker,Female,nporkerkh@economist.com,Senior Editor
739,Wolf,,Dingwall,Male,cdingwallki@imgur.com,Computer Systems Analyst II
740,Joletta,Reeba,Haldin,Female,rhaldinkj@mashable.com,Account Coordinator
741,Gustaf,Cass,Mohun,Male,cmohunkk@purevolume.com,Structural Engineer
742,Danya,Lorant,Websdale,Male,lwebsdalekl@redcross.org,Operator
743,Gabbie,Esmeralda,Littleproud,Female,elittleproudkm@yellowbook.com,Tax Accountant
744,Wilfrid,,Osinin,Male,aosininkn@naver.com,Administrative Assistant I
745,Fianna,Daniella,MacNeill,Female,dmacneillko@salon.com,Financial Analyst
746,Harald,,Mordey,Male,dmordeykp@naver.com,Senior Cost Accountant
747,Lyssa,,Corderoy,Female,ccorderoykq@domainmarket.com,Senior Financial Analyst
748,Eamon,Clayton,Melwall,Male,cmelwallkr@gmpg.org,Sales Associate
749,Marmaduke,,Meo,Male,dmeoks@hibu.com,Physical Therapy Assistant
750,Erie,,Archbold,Male,barchboldkt@joomla.org,Librarian
751,Mal,,Iacovone,Male,riacovoneku@alibaba.com,Data Coordiator
752,Sophronia,,Myott,Female,gmyottkv@bbb.org,Nurse
753,Rosina,Waneta,Tivolier,Female,,Automation Specialist II
754,Chic,,Spencock,Male,sspencockkx@studiopress.com,Marketing Assistant
755,Ody,,Haryngton,Male,,Accountant II
756,Kipp,Samson,McMeekan,Male,smcmeekankz@hatena.ne.jp,Technical Writer
757,Noel,,Frankling,Male,,Accounting Assistant II
758,Perry,Tallou,Ditzel,Female,,Programmer II
759,Gaston,,Iston,Male,mistonl2@pagesperso-orange.fr,Assistant Media Planner
760,Timi,Millicent,Pickton,Female,mpicktonl3@g.co,Teacher
761,Gabriela,Salaidh,Whitchurch,Female,swhitchurchl4@gravatar.com,Structural Analysis Engineer
762,Wait,,Rollason,Male,brollasonl5@linkedin.com,Accountant III
763,Corbett,Alair,Hounsome,Male,ahounsomel6@hostgator.com,Quality Engineer
764,Rosmunda,Leda,Vosse,Female,lvossel7@diigo.com,Assistant Professor
765,Jemima,,Josephsen,Female,fjosephsenl8@rakuten.co.jp,VP Quality Control
766,Geordie,,Mackiewicz,Male,jmackiewiczl9@cloudflare.com,Project Manager
767,Aristotle,,Noone,Male,,Help Desk Technician
768,Zelma,,Clendennen,Female,jclendennenlb@opensource.org,Marketing Assistant
769,Rachael,,Stocks,Female,tstockslc@census.gov,Desktop Support Technician
770,Grissel,,Quimby,Female,squimbyld@stanford.edu,Quality Control Specialist
771,Egon,,Dalinder,Male,bdalinderle@ucla.edu,VP Accounting
772,Enos,,Stapley,Male,,VP Marketing
773,Cass,,Mattevi,Male,cmattevilg@github.io,Operator
774,Isahella,Damaris,Alpe,Female,dalpelh@alexa.com,Editor
775,Josephina,Alfie,Folca,Female,,Account Representative III
776,Cathrin,,Rigate,Female,rrigatelj@cafepress.com,Senior Financial Analyst
777,Kip,Dick,Velareal,Male,dvelareallk@webmd.com,Compensation Analyst
778,Homer,,Iacobo,Male,diacoboll@etsy.com,Geologist II
779,Caryl,Mikael,Danielsen,Male,mdanielsenlm@yahoo.co.jp,Staff Scientist
780,Elenore,,Lilian,Female,ulilianln@hhs.gov,Registered Nurse
781,Rod,Cordell,Gill,Male,cgilllo@imdb.com,Biostatistician I
782,Malissia,Larine,Cord,Female,lcordlp@xrea.com,Biostatistician II
783,Rufus,,Liddiard,Male,lliddiardlq@slideshare.net,Account Representative III
784,Noel,,de Bullion,Male,bdebullionlr@eventbrite.com,Software Engineer IV
785,Isac,,Cuardall,Male,kcuardallls@state.gov,Social Worker
786,Nani,,Galliard,Female,agalliardlt@europa.eu,Account Executive
787,Nicol,,Nichols,Male,snicholslu@4shared.com,Executive Secretary
788,Sharai,Andrei,Suermeiers,Female,asuermeierslv@ehow.com,Statistician I
789,Linn,,Mauchline,Male,gmauchlinelw@reuters.com,Mechanical Systems Engineer
790,Lenard,,McDermott-Row,Male,,Recruiting Manager
791,Vladamir,Oswell,Mordy,Male,omordyly@shop-pro.jp,Paralegal
792,Gretchen,,Gammill,Female,ygammilllz@desdev.cn,Junior Executive
793,Lorette,Michaelina,Rawnsley,Female,mrawnsleym0@rediff.com,Account Representative I
794,Starr,,Ullock,Female,sullockm1@mayoclinic.com,Teacher
795,Jerrilyn,,Yurkin,Female,syurkinm2@people.com.cn,Help Desk Operator
796,Weider,,Collings,Male,jcollingsm3@tiny.cc,Account Executive
797,Prudi,Adara,Sket,Female,asketm4@printfriendly.com,Software Consultant
798,Lynea,Katy,Prahl,Female,,VP Product Management
799,Charlotta,Ilka,Reddle,Female,ireddlem6@sohu.com,VP Accounting
800,Teodoor,Tedmund,Hebron,Male,thebronm7@google.pl,Business Systems Development Analyst
801,Eyde,Nadya,Savoury,Female,,Developer I
802,Yvette,Tiffany,Lisciandro,Female,tlisciandrom9@prlog.org,Junior Executive
803,Milty,Rodolph,Bewsey,Male,rbewseyma@ustream.tv,Account Coordinator
804,Clareta,Darsey,Hudleston,Female,dhudlestonmb@narod.ru,Design Engineer
805,Guillaume,Ford,Allgood,Male,fallgoodmc@oakley.com,Programmer Analyst III
806,Dennis,Salem,Randalson,Male,srandalsonmd@msn.com,Senior Financial Analyst
807,Elladine,Crysta,Tilberry,Female,ctilberryme@washington.edu,Web Developer II
808,Francois,Shepherd,Deave,Male,sdeavemf@flavors.me,Web Developer I
809,Tobit,Hallsy,Farney,Male,hfarneymg@independent.co.uk,Actuary
810,Winston,Lauritz,Plows,Male,,Registered Nurse
811,Wilbert,,Minithorpe,Male,sminithorpemi@ow.ly,Editor
812,Ebba,,Cristoforetti,Female,bcristoforettimj@wired.com,Structural Engineer
813,Alyda,Glenn,Plumbley,Female,gplumbleymk@netlog.com,Chief Design Engineer
814,Darwin,,Begwell,Male,rbegwellml@biglobe.ne.jp,Accountant III
815,Hansiain,Tarrance,Franssen,Male,tfranssenmm@slashdot.org,Marketing Assistant
816,Josefina,Timothea,Battison,Female,tbattisonmn@google.pl,Environmental Tech
817,Rheta,,Cossam,Female,kcossammo@vk.com,Librarian
818,Doro,,Hobble,Female,,Assistant Manager
819,Miltie,,Kimmel,Male,jkimmelmq@yandex.ru,Research Associate
820,Emmott,,Matyas,Male,,General Manager
821,Carlen,Dolorita,Pervew,Female,dpervewms@cisco.com,Assistant Manager
822,Vidovic,,Goolding,Male,dgooldingmt@jalbum.net,Mechanical Systems Engineer
823,Hillie,,Dargie,Male,gdargiemu@hubpages.com,Structural Analysis Engineer
824,Tootsie,Bonnibelle,Dimmack,Female,bdimmackmv@patch.com,Programmer Analyst III
825,Cherlyn,,Stayte,Female,astaytemw@blogs.com,Director of Sales
826,Sydney,Kimberlyn,Anthonies,Female,kanthoniesmx@sphinn.com,Actuary
827,Alfonse,,Chestnut,Male,,Software Test Engineer II
828,Lynnea,,Janousek,Female,vjanousekmz@plala.or.jp,Executive Secretary
829,Jakob,,Solon,Male,msolonn0@mail.ru,Structural Engineer
830,Micky,Bar,Landsbury,Male,blandsburyn1@cbc.ca,Internal Auditor
831,Joli,Deirdre,Kiwitz,Female,dkiwitzn2@bravesites.com,Web Developer III
832,Tab,,Le Page,Male,qlepagen3@alexa.com,Physical Therapy Assistant
833,Franni,,Baudinet,Female,,Information Systems Manager
834,Raimondo,,Nettleship,Male,gnettleshipn5@odnoklassniki.ru,Senior Developer
835,Dyane,,Hearfield,Female,chearfieldn6@timesonline.co.uk,Electrical Engineer
836,Hoebart,,Wellstead,Male,kwellsteadn7@noaa.gov,Junior Executive
837,Keith,Wye,Castano,Male,,Civil Engineer
838,Malchy,,Castel,Male,scasteln9@un.org,Cost Accountant
839,Brittne,Tamarra,Chown,Female,tchownna@reuters.com,Junior Executive
840,Andrea,Joy,Collomosse,Female,,Assistant Media Planner
841,Lesley,Maxi,Andrichak,Female,mandrichaknc@icio.us,Office Assistant III
842,Renelle,Chrissy,Ilyuchyov,Female,cilyuchyovnd@yellowbook.com,Web Designer I
843,Wilfred,Felic,Busher,Male,fbusherne@topsy.com,Media Manager IV
844,Aldin,Tades,Plastow,Male,tplastownf@reuters.com,Associate Professor
845,Christyna,,Beaulieu,Female,ebeaulieung@is.gd,Assistant Media Planner
846,Maribelle,,Grellis,Female,,Speech Pathologist
847,Jillayne,,Petteford,Female,tpettefordni@zdnet.com,Senior Cost Accountant
848,Ursola,,Scripps,Female,bscrippsnj@xinhuanet.com,Senior Cost Accountant
849,Rachelle,Aprilette,Gillatt,Female,agillattnk@gov.uk,Assistant Manager
850,Brigit,Colly,Pickerell,Female,cpickerellnl@bravesites.com,Compensation Analyst
851,Barclay,Mikey,Oldknowe,Male,moldknowenm@mozilla.org,Environmental Specialist
852,Mychal,,Paute,Male,,Analyst Programmer
853,Broderick,,Bulgen,Male,,Senior Cost Accountant
854,Karlotte,,Streetley,Female,tstreetleynp@microsoft.com,Safety Technician I
855,Giovanna,Mina,Heselwood,Female,mheselwoodnq@hc360.com,VP Quality Control
856,Gothart,,Treven,Male,rtrevennr@github.com,Programmer Analyst II
857,Nicholas,,MacDearmid,Male,gmacdearmidns@springer.com,Geological Engineer
858,Frannie,,Castelijn,Male,rcastelijnnt@msn.com,Tax Accountant
859,Kristofor,,Rymmer,Male,arymmernu@alexa.com,Administrative Assistant III
860,Lacie,Willy,Espadater,Female,wespadaternv@last.fm,Developer II
861,North,Uri,Picott,Male,upicottnw@buzzfeed.com,Product Engineer
862,Malanie,,Rosel,Female,oroselnx@apple.com,Mechanical Systems Engineer
863,Lizette,,Amber,Female,,Actuary
864,Sandra,Grayce,Ticksall,Female,gticksallnz@ftc.gov,Budget/Accounting Analyst III
865,Kelley,,Fronks,Male,cfronkso0@mashable.com,Speech Pathologist
866,Lynnet,,Fingleton,Female,sfingletono1@europa.eu,Physical Therapy Assistant
867,Viv,Dede,Iozefovich,Female,diozefovicho2@google.es,Executive Secretary
868,Fran,Nappie,Hafford,Male,nhaffordo3@slashdot.org,GIS Technical Architect
869,Flem,Kit,Rodder,Male,kroddero4@google.com,Senior Developer
870,Molly,Genevra,Poone,Female,gpooneo5@home.pl,Statistician III
871,Laure,,Biss,Female,,Speech Pathologist
872,Carmel,Audra,Mangenet,Female,amangeneto7@cocolog-nifty.com,Business Systems Development Analyst
873,Glori,,Drinkeld,Female,bdrinkeldo8@meetup.com,Internal Auditor
874,Irita,Doralia,Jarritt,Female,djarritto9@samsung.com,Staff Accountant III
875,Adan,,Semble,Male,rsembleoa@imdb.com,Food Chemist
876,Farrah,,Ferries,Female,vferriesob@dailymail.co.uk,Administrative Assistant III
877,Ursuline,,Hindsberg,Female,hhindsbergoc@google.ru,Budget/Accounting Analyst III
878,Trstram,Bobbie,Tax,Male,btaxod@hibu.com,Automation Specialist III
879,Cybill,Nessa,Pebworth,Female,npebworthoe@scribd.com,Information Systems Manager
880,Minnnie,Shara,Pape,Female,spapeof@microsoft.com,Occupational Therapist
881,Mathe,Jasper,Franz-Schoninger,Male,jfranzschoningerog@istockphoto.com,Developer III
882,D'arcy,,Pollitt,Male,apollittoh@ted.com,VP Marketing
883,Grant,,Michelmore,Male,fmichelmoreoi@upenn.edu,Office Assistant III
884,Cassius,Ebenezer,Estevez,Male,eestevezoj@friendfeed.com,Assistant Media Planner
885,Nessa,Letti,Titchard,Female,ltitchardok@npr.org,Research Associate
886,Annabelle,,Rubinlicht,Female,mrubinlichtol@wufoo.com,VP Marketing
887,Onida,,Pettengell,Female,cpettengellom@xinhuanet.com,Technical Writer
888,Shelley,,Landis,Male,llandison@qq.com,Help Desk Technician
889,Della,,Lefever,Female,,Software Test Engineer II
890,Federico,Granny,Walkowski,Male,gwalkowskiop@ocn.ne.jp,Database Administrator IV
891,Franny,Sherwin,Maharg,Male,smahargoq@barnesandnoble.com,Analyst Programmer
892,Darlleen,,Northill,Female,knorthillor@sogou.com,Assistant Professor
893,Renell,Ange,Curnokk,Female,acurnokkos@wired.com,Senior Cost Accountant
894,Yancey,,Eland,Male,celandot@nifty.com,Internal Auditor
895,Nolana,Dorry,Tow,Female,dtowou@dedecms.com,Quality Engineer
896,Andros,,Levey,Male,bleveyov@squarespace.com,Assistant Media Planner
897,Joanna,Cristal,Walshe,Female,cwalsheow@ihg.com,Assistant Media Planner
898,Sander,,Dowty,Male,jdowtyox@yahoo.co.jp,Executive Secretary
899,Herta,,Maber,Female,,Business Systems Development Analyst
900,Jervis,Cleveland,Olley,Male,colleyoz@sohu.com,Account Coordinator
901,Lou,,McKeurton,Female,cmckeurtonp0@sourceforge.net,Senior Editor
902,Hanson,Parker,Farrer,Male,pfarrerp1@yolasite.com,Software Consultant
903,Harriet,,Genese,Female,agenesep2@godaddy.com,Desktop Support Technician
904,Becky,,Del Castello,Female,ndelcastellop3@gmpg.org,Media Manager II
905,Gill,Dallis,Crick,Male,dcrickp4@wordpress.com,VP Quality Control
906,Geno,Stavros,Hodges,Male,shodgesp5@house.gov,Desktop Support Technician
907,Tymon,Sigmund,Gething,Male,sgethingp6@amazonaws.com,Food Chemist
908,Tyrone,Sergio,Hawkyens,Male,shawkyensp7@google.ca,Clinical Specialist
909,Feliks,,Slyme,Male,,VP Product Management
910,Abagael,Dee dee,Breit,Female,dbreitp9@mlb.com,Legal Assistant
911,Sherman,Cleon,Guilleton,Male,,Geological Engineer
912,Dante,,Rodmell,Male,jrodmellpb@ning.com,Chemical Engineer
913,Mallissa,Dale,Carlin,Female,dcarlinpc@about.me,Budget/Accounting Analyst IV
914,Andriana,Arlie,Calven,Female,acalvenpd@goo.gl,Mechanical Systems Engineer
915,Barron,Augie,Heaney`,Male,aheaneype@irs.gov,VP Quality Control
916,Krishna,,Deverock,Male,bdeverockpf@cocolog-nifty.com,Graphic Designer
917,Sean,Torrey,Nursey,Male,tnurseypg@nymag.com,Compensation Analyst
918,Chicky,,Skym,Male,eskymph@salon.com,Structural Engineer
919,Fancie,Kacey,Beedon,Female,kbeedonpi@facebook.com,Structural Analysis Engineer
920,Arline,Jeanna,Wildbore,Female,,Occupational Therapist
921,Luke,Giles,Grigolli,Male,,Budget/Accounting Analyst II
922,Bryan,,Dearle,Male,ldearlepl@sphinn.com,Help Desk Operator
923,Abdul,Thoma,Gouny,Male,tgounypm@msu.edu,Business Systems Development Analyst
924,Lyle,,Meeny,Male,tmeenypn@photobucket.com,Senior Sales Associate
925,Kayle,Odelia,Prigmore,Female,,Budget/Accounting Analyst II
926,Rosina,,Bernet,Female,jbernetpp@csmonitor.com,Statistician III
927,Clemente,Ewart,Petry,Male,epetrypq@marriott.com,Clinical Specialist
928,Ase,Jackson,Lilion,Male,,Account Representative III
929,Dolorita,,O'Currigan,Female,locurriganps@wp.com,Budget/Accounting Analyst III
930,Cicely,,White,Female,fwhitept@nsw.gov.au,Account Coordinator
931,Reinaldo,Trev,Glaves,Male,tglavespu@dailymotion.com,Actuary
932,Nanine,Caprice,Connow,Female,cconnowpv@printfriendly.com,Senior Sales Associate
933,Thomasine,,Tallow,Female,atallowpw@deviantart.com,VP Marketing
934,Ingemar,,Djorevic,Male,sdjorevicpx@marriott.com,Operator
935,Pace,,Gayler,Male,sgaylerpy@joomla.org,Database Administrator II
936,Beauregard,,Baglan,Male,cbaglanpz@twitter.com,Human Resources Manager
937,Rad,,Dudbridge,Male,kdudbridgeq0@netlog.com,Business Systems Development Analyst
938,Mignonne,Kathrine,Enderson,Female,kendersonq1@bbc.co.uk,Director of Sales
939,Brett,,Eronie,Female,ceronieq2@elpais.com,Project Manager
940,Lottie,,Yaknov,Female,nyaknovq3@dedecms.com,Research Nurse
941,Phil,,MacAlester,Male,gmacalesterq4@instagram.com,Speech Pathologist
942,Shirlene,Lorna,Klausen,Female,,Statistician IV
943,Hermy,Shaine,Kordovani,Male,skordovaniq6@ning.com,Account Coordinator
944,Jerrold,Mac,Prayer,Male,mprayerq7@utexas.edu,Internal Auditor
945,Clifford,,Wollaston,Male,swollastonq8@reverbnation.com,Product Engineer
946,Ciro,Dickie,Lackie,Male,,Systems Administrator I
947,Petronille,Suellen,Renton,Female,,Developer I
948,Gail,,Petrik,Female,hpetrikqb@deliciousdays.com,Senior Cost Accountant
949,Kathy,,Choake,Female,cchoakeqc@a8.net,Office Assistant II
950,Maridel,Analiese,Aylmore,Female,,Physical Therapy Assistant
951,Jania,,Triplet,Female,stripletqe@tuttocitta.it,Automation Specialist II
952,Lottie,Sidonnie,Twohig,Female,stwohigqf@flavors.me,Associate Professor
953,Donny,,Butchard,Male,,Biostatistician II
954,Jilleen,Leland,Boissier,Female,lboissierqh@multiply.com,Biostatistician I
955,Dale,,Roydon,Female,broydonqi@51.la,Programmer Analyst II
956,Shandeigh,Meriel,Tollow,Female,mtollowqj@seesaa.net,Account Executive
957,Mack,Tye,Esh,Male,teshqk@ask.com,Human Resources Manager
958,Margi,,Goulborn,Female,,Social Worker
959,Flem,,Schaumaker,Male,aschaumakerqm@twitter.com,Quality Engineer
960,Norton,,Renney,Male,nrenneyqn@usa.gov,Pharmacist
961,Lula,Pammie,Nottingham,Female,pnottinghamqo@blogspot.com,Account Coordinator
962,Antonia,,Coppard,Female,,Operator
963,Adamo,Ivan,Guys,Male,iguysqq@cafepress.com,Junior Executive
964,Ab,,Bondar,Male,lbondarqr@google.co.uk,Quality Control Specialist
965,Evvie,,Gilleon,Female,rgilleonqs@icq.com,Office Assistant I
966,Elroy,,Morgan,Male,smorganqt@alibaba.com,Office Assistant II
967,Dwayne,Kendal,Flaonier,Male,kflaonierqu@cornell.edu,VP Product Management
968,Wilton,,Shyram,Male,eshyramqv@cnet.com,Librarian
969,Hillary,,Elfes,Male,gelfesqw@sciencedirect.com,Assistant Media Planner
970,Nelle,,Ferrierio,Female,aferrierioqx@last.fm,Accountant IV
971,Howie,,Bartelet,Male,sbarteletqy@wired.com,Safety Technician II
972,Galven,Guthry,Mallabar,Male,gmallabarqz@mail.ru,Civil Engineer
973,Carmelle,,Hudghton,Female,ahudghtonr0@ibm.com,Programmer Analyst II
974,Alina,Babette,Kew,Female,bkewr1@npr.org,Senior Financial Analyst
975,Meggie,,Postill,Female,mpostillr2@bigcartel.com,Nurse Practicioner
976,Idalina,Ertha,Nuttall,Female,enuttallr3@liveinternet.ru,Help Desk Technician
977,Robb,,Faulkner,Male,cfaulknerr4@hhs.gov,Senior Quality Engineer
978,Rachel,,D'Costa,Female,idcostar5@privacy.gov.au,Human Resources Manager
979,Vanda,,Gentiry,Female,bgentiryr6@paginegialle.it,Software Test Engineer II
980,Renie,,Beverley,Female,hbeverleyr7@myspace.com,Staff Scientist
981,Heddie,,Goring,Female,mgoringr8@irs.gov,Engineer III
982,Evie,,Swatman,Female,,Human Resources Assistant I
983,Jeno,Brod,Lubman,Male,blubmanra@wordpress.com,Accountant II
984,Reinaldo,Kelly,Roma,Male,kromarb@chicagotribune.com,Safety Technician IV
985,Asa,,Haizelden,Male,,Speech Pathologist
986,Barbabra,,Gerb,Female,ngerbrd@booking.com,Staff Accountant IV
987,Pierre,Adham,Tetsall,Male,atetsallre@tinypic.com,Environmental Specialist
988,Hazel,,Galbreath,Male,sgalbreathrf@addtoany.com,Operator
989,Nicole,,Measor,Female,zmeasorrg@istockphoto.com,Research Nurse
990,Asa,Sherlock,Epsley,Male,sepsleyrh@addtoany.com,Programmer Analyst II
991,Bernice,,Bruinsma,Female,,Professor
992,Olva,Ricca,Tunnadine,Female,rtunnadinerj@shutterfly.com,Software Consultant
993,Veradis,Cherri,Bus,Female,,VP Product Management
994,Nikoletta,,Scapens,Female,,Safety Technician III
995,Sidney,Sonny,Brydone,Male,sbrydonerm@samsung.com,VP Quality Control
996,Michel,,Stickel,Male,cstickelrn@princeton.edu,Dental Hygienist
997,Griswold,Gunner,MacMeeking,Male,gmacmeekingro@nymag.com,Social Worker
998,Kirbee,Erina,Konneke,Female,ekonnekerp@seesaa.net,Executive Secretary
999,Daisy,,Mehew,Female,,Geologist II
1000,De,Vanni,Shaudfurth,Female,vshaudfurthrr@dmoz.org,Community Outreach Specialist
